-- Sample Data Generated for Bank Asset Management

INSERT INTO branches (id, name, code, address) VALUES (1, 'Main HQ', 'HQ-001', '123 Main St, City Center');
INSERT INTO branches (id, name, code, address) VALUES (2, 'North Branch', 'NB-002', '456 North Ave');
INSERT INTO branches (id, name, code, address) VALUES (3, 'South Branch', 'SB-003', '789 South Blvd');
INSERT INTO branches (id, name, code, address) VALUES (4, 'East Branch', 'EB-004', '321 East Rd');
INSERT INTO branches (id, name, code, address) VALUES (5, 'West Branch', 'WB-005', '654 West Ln');
INSERT INTO departments (id, name, code, branch_id) VALUES (1, 'IT Dept B1', 'ITB1', 1);
INSERT INTO departments (id, name, code, branch_id) VALUES (2, 'HR Dept B2', 'HRB2', 2);
INSERT INTO departments (id, name, code, branch_id) VALUES (3, 'Finance B3', 'FINB3', 3);
INSERT INTO departments (id, name, code, branch_id) VALUES (4, 'Operations B4', 'OPSB4', 4);
INSERT INTO departments (id, name, code, branch_id) VALUES (5, 'Security B5', 'SECB5', 5);
INSERT INTO departments (id, name, code, branch_id) VALUES (6, 'Legal B1', 'LGLB1', 1);
INSERT INTO departments (id, name, code, branch_id) VALUES (7, 'Audit B2', 'AUDB2', 2);
INSERT INTO departments (id, name, code, branch_id) VALUES (8, 'Marketing B3', 'MKTB3', 3);
INSERT INTO departments (id, name, code, branch_id) VALUES (9, 'Sales B4', 'SLSB4', 4);
INSERT INTO departments (id, name, code, branch_id) VALUES (10, 'Customer Support B5', 'CSB5', 5);
INSERT INTO employees (id, first_name, last_name, employee_code, email, phone, position, department_id, active) VALUES (1, 'James', 'Smith', 'EMP-001', 'james.smith@bankassets.com', '555-0101', 'Staff', 1, true);
INSERT INTO employees (id, first_name, last_name, employee_code, email, phone, position, department_id, active) VALUES (2, 'Mary', 'Johnson', 'EMP-002', 'mary.johnson@bankassets.com', '555-0102', 'Staff', 2, true);
INSERT INTO employees (id, first_name, last_name, employee_code, email, phone, position, department_id, active) VALUES (3, 'John', 'Williams', 'EMP-003', 'john.williams@bankassets.com', '555-0103', 'Staff', 3, true);
INSERT INTO employees (id, first_name, last_name, employee_code, email, phone, position, department_id, active) VALUES (4, 'Patricia', 'Brown', 'EMP-004', 'patricia.brown@bankassets.com', '555-0104', 'Staff', 4, true);
INSERT INTO employees (id, first_name, last_name, employee_code, email, phone, position, department_id, active) VALUES (5, 'Robert', 'Jones', 'EMP-005', 'robert.jones@bankassets.com', '555-0105', 'Staff', 5, true);
INSERT INTO employees (id, first_name, last_name, employee_code, email, phone, position, department_id, active) VALUES (6, 'Jennifer', 'Garcia', 'EMP-006', 'jennifer.garcia@bankassets.com', '555-0106', 'Staff', 6, true);
INSERT INTO employees (id, first_name, last_name, employee_code, email, phone, position, department_id, active) VALUES (7, 'Michael', 'Miller', 'EMP-007', 'michael.miller@bankassets.com', '555-0107', 'Staff', 7, true);
INSERT INTO employees (id, first_name, last_name, employee_code, email, phone, position, department_id, active) VALUES (8, 'Linda', 'Davis', 'EMP-008', 'linda.davis@bankassets.com', '555-0108', 'Staff', 8, true);
INSERT INTO employees (id, first_name, last_name, employee_code, email, phone, position, department_id, active) VALUES (9, 'William', 'Rodriguez', 'EMP-009', 'william.rodriguez@bankassets.com', '555-0109', 'Staff', 9, true);
INSERT INTO employees (id, first_name, last_name, employee_code, email, phone, position, department_id, active) VALUES (10, 'Elizabeth', 'Martinez', 'EMP-010', 'elizabeth.martinez@bankassets.com', '555-0110', 'Staff', 10, true);
INSERT INTO employees (id, first_name, last_name, employee_code, email, phone, position, department_id, active) VALUES (11, 'David', 'Hernandez', 'EMP-011', 'david.hernandez@bankassets.com', '555-0111', 'Staff', 1, true);
INSERT INTO employees (id, first_name, last_name, employee_code, email, phone, position, department_id, active) VALUES (12, 'Barbara', 'Lopez', 'EMP-012', 'barbara.lopez@bankassets.com', '555-0112', 'Staff', 2, true);
INSERT INTO employees (id, first_name, last_name, employee_code, email, phone, position, department_id, active) VALUES (13, 'Richard', 'Gonzalez', 'EMP-013', 'richard.gonzalez@bankassets.com', '555-0113', 'Staff', 3, true);
INSERT INTO employees (id, first_name, last_name, employee_code, email, phone, position, department_id, active) VALUES (14, 'Susan', 'Wilson', 'EMP-014', 'susan.wilson@bankassets.com', '555-0114', 'Staff', 4, true);
INSERT INTO employees (id, first_name, last_name, employee_code, email, phone, position, department_id, active) VALUES (15, 'Joseph', 'Anderson', 'EMP-015', 'joseph.anderson@bankassets.com', '555-0115', 'Staff', 5, true);
INSERT INTO employees (id, first_name, last_name, employee_code, email, phone, position, department_id, active) VALUES (16, 'Jessica', 'Thomas', 'EMP-016', 'jessica.thomas@bankassets.com', '555-0116', 'Staff', 6, true);
INSERT INTO employees (id, first_name, last_name, employee_code, email, phone, position, department_id, active) VALUES (17, 'Thomas', 'Taylor', 'EMP-017', 'thomas.taylor@bankassets.com', '555-0117', 'Staff', 7, true);
INSERT INTO employees (id, first_name, last_name, employee_code, email, phone, position, department_id, active) VALUES (18, 'Sarah', 'Moore', 'EMP-018', 'sarah.moore@bankassets.com', '555-0118', 'Staff', 8, true);
INSERT INTO employees (id, first_name, last_name, employee_code, email, phone, position, department_id, active) VALUES (19, 'Charles', 'Jackson', 'EMP-019', 'charles.jackson@bankassets.com', '555-0119', 'Staff', 9, true);
INSERT INTO employees (id, first_name, last_name, employee_code, email, phone, position, department_id, active) VALUES (20, 'Karen', 'Martin', 'EMP-020', 'karen.martin@bankassets.com', '555-0120', 'Staff', 10, true);
INSERT INTO assets (id, name, description, serial_number, type, category_id, status, purchase_date, purchase_cost, warranty_expiry_date, current_employee_id, current_department_id, current_branch_id) VALUES (1, 'Bank POS Terminal 1', 'Standard POS Terminal for daily operations.', 'SN-E6EB106C', 'POS Terminal', 6, 'ASSIGNED', '2023-06-08', 3409.25, '2026-06-07', 13, 3, 3);
INSERT INTO assets (id, name, description, serial_number, type, category_id, status, purchase_date, purchase_cost, warranty_expiry_date, current_employee_id, current_department_id, current_branch_id) VALUES (2, 'Bank Server 2', 'Standard Server for daily operations.', 'SN-AF5B8008', 'Server', 1, 'IN_REPAIR', '2023-03-05', 4007.48, '2026-03-04', NULL, NULL, NULL);
INSERT INTO assets (id, name, description, serial_number, type, category_id, status, purchase_date, purchase_cost, warranty_expiry_date, current_employee_id, current_department_id, current_branch_id) VALUES (3, 'Bank Intercom 3', 'Standard Intercom for daily operations.', 'SN-BAE66801', 'Intercom', 4, 'ASSIGNED', '2023-05-16', 4164.93, '2024-05-15', 4, 4, 4);
INSERT INTO assets (id, name, description, serial_number, type, category_id, status, purchase_date, purchase_cost, warranty_expiry_date, current_employee_id, current_department_id, current_branch_id) VALUES (4, 'Bank ATM 4', 'Standard ATM for daily operations.', 'SN-F70FCB2F', 'ATM', 6, 'IN_REPAIR', '2023-11-12', 1076.26, '2025-11-11', NULL, NULL, NULL);
INSERT INTO assets (id, name, description, serial_number, type, category_id, status, purchase_date, purchase_cost, warranty_expiry_date, current_employee_id, current_department_id, current_branch_id) VALUES (5, 'Bank Printer 5', 'Standard Printer for daily operations.', 'SN-9E226ABB', 'Printer', 5, 'ASSIGNED', '2023-07-21', 2143.93, '2026-07-20', 18, 8, 3);
INSERT INTO assets (id, name, description, serial_number, type, category_id, status, purchase_date, purchase_cost, warranty_expiry_date, current_employee_id, current_department_id, current_branch_id) VALUES (6, 'Bank Intercom 6', 'Standard Intercom for daily operations.', 'SN-EDD359E1', 'Intercom', 4, 'IN_REPAIR', '2023-02-19', 4370.76, '2026-02-18', NULL, NULL, NULL);
INSERT INTO assets (id, name, description, serial_number, type, category_id, status, purchase_date, purchase_cost, warranty_expiry_date, current_employee_id, current_department_id, current_branch_id) VALUES (7, 'Bank CCTV Camera 7', 'Standard CCTV Camera for daily operations.', 'SN-A9A5F68B', 'CCTV Camera', 3, 'IN_REPAIR', '2023-09-23', 774.51, '2026-09-22', NULL, NULL, NULL);
INSERT INTO assets (id, name, description, serial_number, type, category_id, status, purchase_date, purchase_cost, warranty_expiry_date, current_employee_id, current_department_id, current_branch_id) VALUES (8, 'Bank IP Phone 8', 'Standard IP Phone for daily operations.', 'SN-7E224DC5', 'IP Phone', 4, 'ASSIGNED', '2023-08-13', 3384.57, '2026-08-12', 14, 4, 4);
INSERT INTO assets (id, name, description, serial_number, type, category_id, status, purchase_date, purchase_cost, warranty_expiry_date, current_employee_id, current_department_id, current_branch_id) VALUES (9, 'Bank Cash Counter 9', 'Standard Cash Counter for daily operations.', 'SN-534A4DD3', 'Cash Counter', 6, 'REGISTERED', '2023-07-15', 330.41, '2026-07-14', NULL, NULL, NULL);
INSERT INTO assets (id, name, description, serial_number, type, category_id, status, purchase_date, purchase_cost, warranty_expiry_date, current_employee_id, current_department_id, current_branch_id) VALUES (10, 'Bank Access Control Panel 10', 'Standard Access Control Panel for daily operations.', 'SN-9C9E7FC3', 'Access Control Panel', 3, 'IN_REPAIR', '2023-04-21', 312.56, '2024-04-20', NULL, NULL, NULL);
INSERT INTO assets (id, name, description, serial_number, type, category_id, status, purchase_date, purchase_cost, warranty_expiry_date, current_employee_id, current_department_id, current_branch_id) VALUES (11, 'Bank ATM 11', 'Standard ATM for daily operations.', 'SN-90175C8B', 'ATM', 6, 'ASSIGNED', '2023-01-15', 1496.73, '2026-01-14', 13, 3, 3);
INSERT INTO assets (id, name, description, serial_number, type, category_id, status, purchase_date, purchase_cost, warranty_expiry_date, current_employee_id, current_department_id, current_branch_id) VALUES (12, 'Bank POS Terminal 12', 'Standard POS Terminal for daily operations.', 'SN-DA0B6B9B', 'POS Terminal', 6, 'LOST', '2023-03-17', 2658.06, '2026-03-16', NULL, NULL, NULL);
INSERT INTO assets (id, name, description, serial_number, type, category_id, status, purchase_date, purchase_cost, warranty_expiry_date, current_employee_id, current_department_id, current_branch_id) VALUES (13, 'Bank Filing Cabinet 13', 'Standard Filing Cabinet for daily operations.', 'SN-F5C5EA0E', 'Filing Cabinet', 2, 'ASSIGNED', '2023-04-06', 3187.97, '2026-04-05', 9, 9, 4);
INSERT INTO assets (id, name, description, serial_number, type, category_id, status, purchase_date, purchase_cost, warranty_expiry_date, current_employee_id, current_department_id, current_branch_id) VALUES (14, 'Bank CCTV Camera 14', 'Standard CCTV Camera for daily operations.', 'SN-48E6A64A', 'CCTV Camera', 3, 'ASSIGNED', '2023-06-21', 1054.8, '2025-06-20', 9, 9, 4);
INSERT INTO assets (id, name, description, serial_number, type, category_id, status, purchase_date, purchase_cost, warranty_expiry_date, current_employee_id, current_department_id, current_branch_id) VALUES (15, 'Bank Desk 15', 'Standard Desk for daily operations.', 'SN-7C5AEB4F', 'Desk', 2, 'ASSIGNED', '2023-09-09', 591.1, '2024-09-08', 6, 6, 1);
INSERT INTO assets (id, name, description, serial_number, type, category_id, status, purchase_date, purchase_cost, warranty_expiry_date, current_employee_id, current_department_id, current_branch_id) VALUES (16, 'Bank Safe 16', 'Standard Safe for daily operations.', 'SN-D8C7B1F5', 'Safe', 3, 'ASSIGNED', '2023-07-24', 1981.7, '2024-07-23', 1, 1, 1);
INSERT INTO assets (id, name, description, serial_number, type, category_id, status, purchase_date, purchase_cost, warranty_expiry_date, current_employee_id, current_department_id, current_branch_id) VALUES (17, 'Bank Server 17', 'Standard Server for daily operations.', 'SN-4CFDA2BE', 'Server', 1, 'ASSIGNED', '2023-08-19', 3946.24, '2026-08-18', 19, 9, 4);
INSERT INTO assets (id, name, description, serial_number, type, category_id, status, purchase_date, purchase_cost, warranty_expiry_date, current_employee_id, current_department_id, current_branch_id) VALUES (18, 'Bank Filing Cabinet 18', 'Standard Filing Cabinet for daily operations.', 'SN-35371BC3', 'Filing Cabinet', 2, 'ASSIGNED', '2023-12-17', 3289.9, '2025-12-16', 3, 3, 3);
INSERT INTO assets (id, name, description, serial_number, type, category_id, status, purchase_date, purchase_cost, warranty_expiry_date, current_employee_id, current_department_id, current_branch_id) VALUES (19, 'Bank Server 19', 'Standard Server for daily operations.', 'SN-00E3B0BD', 'Server', 1, 'IN_REPAIR', '2023-09-23', 3477.68, '2025-09-22', NULL, NULL, NULL);
INSERT INTO assets (id, name, description, serial_number, type, category_id, status, purchase_date, purchase_cost, warranty_expiry_date, current_employee_id, current_department_id, current_branch_id) VALUES (20, 'Bank POS Terminal 20', 'Standard POS Terminal for daily operations.', 'SN-3E2523A3', 'POS Terminal', 6, 'ASSIGNED', '2023-06-17', 4571.97, '2024-06-16', 14, 4, 4);
INSERT INTO assets (id, name, description, serial_number, type, category_id, status, purchase_date, purchase_cost, warranty_expiry_date, current_employee_id, current_department_id, current_branch_id) VALUES (21, 'Bank Office Chair 21', 'Standard Office Chair for daily operations.', 'SN-50C71D08', 'Office Chair', 2, 'ASSIGNED', '2023-05-25', 3765.96, '2026-05-24', 2, 2, 2);
INSERT INTO assets (id, name, description, serial_number, type, category_id, status, purchase_date, purchase_cost, warranty_expiry_date, current_employee_id, current_department_id, current_branch_id) VALUES (22, 'Bank Monitor 22', 'Standard Monitor for daily operations.', 'SN-3BC9AA60', 'Monitor', 5, 'ASSIGNED', '2023-07-19', 2281.33, '2024-07-18', 6, 6, 1);
INSERT INTO assets (id, name, description, serial_number, type, category_id, status, purchase_date, purchase_cost, warranty_expiry_date, current_employee_id, current_department_id, current_branch_id) VALUES (23, 'Bank Intercom 23', 'Standard Intercom for daily operations.', 'SN-AACC2625', 'Intercom', 4, 'IN_REPAIR', '2023-08-13', 815.49, '2025-08-12', NULL, NULL, NULL);
INSERT INTO assets (id, name, description, serial_number, type, category_id, status, purchase_date, purchase_cost, warranty_expiry_date, current_employee_id, current_department_id, current_branch_id) VALUES (24, 'Bank Scanner 24', 'Standard Scanner for daily operations.', 'SN-F6E580C9', 'Scanner', 5, 'REGISTERED', '2023-10-10', 4024.94, '2024-10-09', NULL, NULL, NULL);
INSERT INTO assets (id, name, description, serial_number, type, category_id, status, purchase_date, purchase_cost, warranty_expiry_date, current_employee_id, current_department_id, current_branch_id) VALUES (25, 'Bank Intercom 25', 'Standard Intercom for daily operations.', 'SN-CFCC86AA', 'Intercom', 4, 'REGISTERED', '2023-02-08', 1154.54, '2024-02-08', NULL, NULL, NULL);
INSERT INTO assets (id, name, description, serial_number, type, category_id, status, purchase_date, purchase_cost, warranty_expiry_date, current_employee_id, current_department_id, current_branch_id) VALUES (26, 'Bank POS Terminal 26', 'Standard POS Terminal for daily operations.', 'SN-E0C9CAB7', 'POS Terminal', 6, 'REGISTERED', '2023-02-04', 4107.04, '2024-02-04', NULL, NULL, NULL);
INSERT INTO assets (id, name, description, serial_number, type, category_id, status, purchase_date, purchase_cost, warranty_expiry_date, current_employee_id, current_department_id, current_branch_id) VALUES (27, 'Bank Intercom 27', 'Standard Intercom for daily operations.', 'SN-CFA72738', 'Intercom', 4, 'IN_REPAIR', '2023-08-05', 685.97, '2026-08-04', NULL, NULL, NULL);
INSERT INTO assets (id, name, description, serial_number, type, category_id, status, purchase_date, purchase_cost, warranty_expiry_date, current_employee_id, current_department_id, current_branch_id) VALUES (28, 'Bank Server 28', 'Standard Server for daily operations.', 'SN-EB6D97A8', 'Server', 1, 'ASSIGNED', '2023-06-02', 2948.87, '2026-06-01', 6, 6, 1);
INSERT INTO assets (id, name, description, serial_number, type, category_id, status, purchase_date, purchase_cost, warranty_expiry_date, current_employee_id, current_department_id, current_branch_id) VALUES (29, 'Bank ATM 29', 'Standard ATM for daily operations.', 'SN-8353BBB7', 'ATM', 6, 'REGISTERED', '2023-01-15', 3557.67, '2024-01-15', NULL, NULL, NULL);
INSERT INTO assets (id, name, description, serial_number, type, category_id, status, purchase_date, purchase_cost, warranty_expiry_date, current_employee_id, current_department_id, current_branch_id) VALUES (30, 'Bank Cash Counter 30', 'Standard Cash Counter for daily operations.', 'SN-475C0808', 'Cash Counter', 6, 'IN_REPAIR', '2023-10-30', 4009.64, '2026-10-29', NULL, NULL, NULL);
INSERT INTO assets (id, name, description, serial_number, type, category_id, status, purchase_date, purchase_cost, warranty_expiry_date, current_employee_id, current_department_id, current_branch_id) VALUES (31, 'Bank Safe 31', 'Standard Safe for daily operations.', 'SN-172BF2A7', 'Safe', 3, 'ASSIGNED', '2023-11-18', 2700.44, '2024-11-17', 20, 10, 5);
INSERT INTO assets (id, name, description, serial_number, type, category_id, status, purchase_date, purchase_cost, warranty_expiry_date, current_employee_id, current_department_id, current_branch_id) VALUES (32, 'Bank Safe 32', 'Standard Safe for daily operations.', 'SN-B135E912', 'Safe', 3, 'REGISTERED', '2023-07-16', 2495.93, '2024-07-15', NULL, NULL, NULL);
INSERT INTO assets (id, name, description, serial_number, type, category_id, status, purchase_date, purchase_cost, warranty_expiry_date, current_employee_id, current_department_id, current_branch_id) VALUES (33, 'Bank ATM 33', 'Standard ATM for daily operations.', 'SN-529C6733', 'ATM', 6, 'ASSIGNED', '2023-03-13', 2560.59, '2025-03-12', 11, 1, 1);
INSERT INTO assets (id, name, description, serial_number, type, category_id, status, purchase_date, purchase_cost, warranty_expiry_date, current_employee_id, current_department_id, current_branch_id) VALUES (34, 'Bank Router 34', 'Standard Router for daily operations.', 'SN-FFF538A2', 'Router', 1, 'ASSIGNED', '2023-05-22', 3979.12, '2026-05-21', 6, 6, 1);
INSERT INTO assets (id, name, description, serial_number, type, category_id, status, purchase_date, purchase_cost, warranty_expiry_date, current_employee_id, current_department_id, current_branch_id) VALUES (35, 'Bank Safe 35', 'Standard Safe for daily operations.', 'SN-8A806098', 'Safe', 3, 'ASSIGNED', '2023-06-20', 513.62, '2026-06-19', 6, 6, 1);
INSERT INTO assets (id, name, description, serial_number, type, category_id, status, purchase_date, purchase_cost, warranty_expiry_date, current_employee_id, current_department_id, current_branch_id) VALUES (36, 'Bank Monitor 36', 'Standard Monitor for daily operations.', 'SN-FBE86CD1', 'Monitor', 5, 'ASSIGNED', '2023-07-10', 1777.55, '2026-07-09', 5, 5, 5);
INSERT INTO assets (id, name, description, serial_number, type, category_id, status, purchase_date, purchase_cost, warranty_expiry_date, current_employee_id, current_department_id, current_branch_id) VALUES (37, 'Bank Office Chair 37', 'Standard Office Chair for daily operations.', 'SN-D3B3AAD0', 'Office Chair', 2, 'REGISTERED', '2023-08-03', 2736.62, '2025-08-02', NULL, NULL, NULL);
INSERT INTO assets (id, name, description, serial_number, type, category_id, status, purchase_date, purchase_cost, warranty_expiry_date, current_employee_id, current_department_id, current_branch_id) VALUES (38, 'Bank Office Chair 38', 'Standard Office Chair for daily operations.', 'SN-D3C1A009', 'Office Chair', 2, 'ASSIGNED', '2023-01-03', 4348.48, '2026-01-02', 10, 10, 5);
INSERT INTO assets (id, name, description, serial_number, type, category_id, status, purchase_date, purchase_cost, warranty_expiry_date, current_employee_id, current_department_id, current_branch_id) VALUES (39, 'Bank Office Chair 39', 'Standard Office Chair for daily operations.', 'SN-F6BF8D9B', 'Office Chair', 2, 'LOST', '2023-10-08', 1348.9, '2025-10-07', NULL, NULL, NULL);
INSERT INTO assets (id, name, description, serial_number, type, category_id, status, purchase_date, purchase_cost, warranty_expiry_date, current_employee_id, current_department_id, current_branch_id) VALUES (40, 'Bank Office Chair 40', 'Standard Office Chair for daily operations.', 'SN-3F9F2DB0', 'Office Chair', 2, 'IN_REPAIR', '2023-02-11', 975.96, '2025-02-10', NULL, NULL, NULL);
INSERT INTO assets (id, name, description, serial_number, type, category_id, status, purchase_date, purchase_cost, warranty_expiry_date, current_employee_id, current_department_id, current_branch_id) VALUES (41, 'Bank Access Control Panel 41', 'Standard Access Control Panel for daily operations.', 'SN-5CB2C680', 'Access Control Panel', 3, 'ASSIGNED', '2023-12-21', 4221.92, '2025-12-20', 4, 4, 4);
INSERT INTO assets (id, name, description, serial_number, type, category_id, status, purchase_date, purchase_cost, warranty_expiry_date, current_employee_id, current_department_id, current_branch_id) VALUES (42, 'Bank Monitor 42', 'Standard Monitor for daily operations.', 'SN-ABFA6409', 'Monitor', 5, 'IN_REPAIR', '2023-11-12', 2209.46, '2025-11-11', NULL, NULL, NULL);
INSERT INTO assets (id, name, description, serial_number, type, category_id, status, purchase_date, purchase_cost, warranty_expiry_date, current_employee_id, current_department_id, current_branch_id) VALUES (43, 'Bank Router 43', 'Standard Router for daily operations.', 'SN-3EF72B3A', 'Router', 1, 'REGISTERED', '2023-12-27', 1572.15, '2025-12-26', NULL, NULL, NULL);
INSERT INTO assets (id, name, description, serial_number, type, category_id, status, purchase_date, purchase_cost, warranty_expiry_date, current_employee_id, current_department_id, current_branch_id) VALUES (44, 'Bank Monitor 44', 'Standard Monitor for daily operations.', 'SN-A3328D3C', 'Monitor', 5, 'ASSIGNED', '2024-01-01', 933.99, '2024-12-31', 2, 2, 2);
INSERT INTO assets (id, name, description, serial_number, type, category_id, status, purchase_date, purchase_cost, warranty_expiry_date, current_employee_id, current_department_id, current_branch_id) VALUES (45, 'Bank Intercom 45', 'Standard Intercom for daily operations.', 'SN-4DFB322D', 'Intercom', 4, 'ASSIGNED', '2023-01-27', 891.86, '2026-01-26', 18, 8, 3);
INSERT INTO assets (id, name, description, serial_number, type, category_id, status, purchase_date, purchase_cost, warranty_expiry_date, current_employee_id, current_department_id, current_branch_id) VALUES (46, 'Bank Office Chair 46', 'Standard Office Chair for daily operations.', 'SN-331D0A5C', 'Office Chair', 2, 'ASSIGNED', '2023-01-26', 1517.06, '2026-01-25', 4, 4, 4);
INSERT INTO assets (id, name, description, serial_number, type, category_id, status, purchase_date, purchase_cost, warranty_expiry_date, current_employee_id, current_department_id, current_branch_id) VALUES (47, 'Bank Desk 47', 'Standard Desk for daily operations.', 'SN-43159DCA', 'Desk', 2, 'ASSIGNED', '2023-07-04', 3909.36, '2024-07-03', 1, 1, 1);
INSERT INTO assets (id, name, description, serial_number, type, category_id, status, purchase_date, purchase_cost, warranty_expiry_date, current_employee_id, current_department_id, current_branch_id) VALUES (48, 'Bank Server 48', 'Standard Server for daily operations.', 'SN-71EEAD58', 'Server', 1, 'ASSIGNED', '2023-10-10', 2601.97, '2024-10-09', 13, 3, 3);
INSERT INTO assets (id, name, description, serial_number, type, category_id, status, purchase_date, purchase_cost, warranty_expiry_date, current_employee_id, current_department_id, current_branch_id) VALUES (49, 'Bank Desktop 49', 'Standard Desktop for daily operations.', 'SN-BF1EF5C7', 'Desktop', 1, 'ASSIGNED', '2023-05-14', 1084.86, '2024-05-13', 18, 8, 3);
INSERT INTO assets (id, name, description, serial_number, type, category_id, status, purchase_date, purchase_cost, warranty_expiry_date, current_employee_id, current_department_id, current_branch_id) VALUES (50, 'Bank Intercom 50', 'Standard Intercom for daily operations.', 'SN-EDD47DC0', 'Intercom', 4, 'REGISTERED', '2023-10-08', 3034.42, '2024-10-07', NULL, NULL, NULL);
INSERT INTO assets (id, name, description, serial_number, type, category_id, status, purchase_date, purchase_cost, warranty_expiry_date, current_employee_id, current_department_id, current_branch_id) VALUES (51, 'Bank IP Phone 51', 'Standard IP Phone for daily operations.', 'SN-8940B11D', 'IP Phone', 4, 'ASSIGNED', '2023-05-30', 1035.48, '2026-05-29', 12, 2, 2);
INSERT INTO assets (id, name, description, serial_number, type, category_id, status, purchase_date, purchase_cost, warranty_expiry_date, current_employee_id, current_department_id, current_branch_id) VALUES (52, 'Bank Desktop 52', 'Standard Desktop for daily operations.', 'SN-43AC90E9', 'Desktop', 1, 'ASSIGNED', '2023-05-07', 771.76, '2024-05-06', 5, 5, 5);
INSERT INTO assets (id, name, description, serial_number, type, category_id, status, purchase_date, purchase_cost, warranty_expiry_date, current_employee_id, current_department_id, current_branch_id) VALUES (53, 'Bank Filing Cabinet 53', 'Standard Filing Cabinet for daily operations.', 'SN-0371B77E', 'Filing Cabinet', 2, 'ASSIGNED', '2023-12-04', 3462.15, '2025-12-03', 7, 7, 2);
INSERT INTO assets (id, name, description, serial_number, type, category_id, status, purchase_date, purchase_cost, warranty_expiry_date, current_employee_id, current_department_id, current_branch_id) VALUES (54, 'Bank Scanner 54', 'Standard Scanner for daily operations.', 'SN-EF3834E2', 'Scanner', 5, 'IN_REPAIR', '2023-08-20', 3677.87, '2026-08-19', NULL, NULL, NULL);
INSERT INTO assets (id, name, description, serial_number, type, category_id, status, purchase_date, purchase_cost, warranty_expiry_date, current_employee_id, current_department_id, current_branch_id) VALUES (55, 'Bank Office Chair 55', 'Standard Office Chair for daily operations.', 'SN-694DF666', 'Office Chair', 2, 'ASSIGNED', '2023-12-19', 2989.97, '2025-12-18', 3, 3, 3);
INSERT INTO assets (id, name, description, serial_number, type, category_id, status, purchase_date, purchase_cost, warranty_expiry_date, current_employee_id, current_department_id, current_branch_id) VALUES (56, 'Bank POS Terminal 56', 'Standard POS Terminal for daily operations.', 'SN-9FE150E8', 'POS Terminal', 6, 'LOST', '2023-06-02', 1435.89, '2025-06-01', NULL, NULL, NULL);
INSERT INTO assets (id, name, description, serial_number, type, category_id, status, purchase_date, purchase_cost, warranty_expiry_date, current_employee_id, current_department_id, current_branch_id) VALUES (57, 'Bank Desk 57', 'Standard Desk for daily operations.', 'SN-4B215C97', 'Desk', 2, 'ASSIGNED', '2023-11-17', 2584.83, '2026-11-16', 7, 7, 2);
INSERT INTO assets (id, name, description, serial_number, type, category_id, status, purchase_date, purchase_cost, warranty_expiry_date, current_employee_id, current_department_id, current_branch_id) VALUES (58, 'Bank CCTV Camera 58', 'Standard CCTV Camera for daily operations.', 'SN-0EDBB462', 'CCTV Camera', 3, 'ASSIGNED', '2023-04-17', 4782.68, '2024-04-16', 17, 7, 2);
INSERT INTO assets (id, name, description, serial_number, type, category_id, status, purchase_date, purchase_cost, warranty_expiry_date, current_employee_id, current_department_id, current_branch_id) VALUES (59, 'Bank Safe 59', 'Standard Safe for daily operations.', 'SN-3D5A6FB0', 'Safe', 3, 'ASSIGNED', '2023-09-29', 1859.53, '2026-09-28', 7, 7, 2);
INSERT INTO assets (id, name, description, serial_number, type, category_id, status, purchase_date, purchase_cost, warranty_expiry_date, current_employee_id, current_department_id, current_branch_id) VALUES (60, 'Bank Router 60', 'Standard Router for daily operations.', 'SN-C5C0FD8A', 'Router', 1, 'ASSIGNED', '2023-08-24', 1821.34, '2024-08-23', 15, 5, 5);
INSERT INTO assets (id, name, description, serial_number, type, category_id, status, purchase_date, purchase_cost, warranty_expiry_date, current_employee_id, current_department_id, current_branch_id) VALUES (61, 'Bank Desk 61', 'Standard Desk for daily operations.', 'SN-8C52DCA3', 'Desk', 2, 'ASSIGNED', '2023-10-23', 4435.4, '2026-10-22', 15, 5, 5);
INSERT INTO assets (id, name, description, serial_number, type, category_id, status, purchase_date, purchase_cost, warranty_expiry_date, current_employee_id, current_department_id, current_branch_id) VALUES (62, 'Bank Intercom 62', 'Standard Intercom for daily operations.', 'SN-99D79ADE', 'Intercom', 4, 'IN_REPAIR', '2023-04-02', 953.01, '2024-04-01', NULL, NULL, NULL);
INSERT INTO assets (id, name, description, serial_number, type, category_id, status, purchase_date, purchase_cost, warranty_expiry_date, current_employee_id, current_department_id, current_branch_id) VALUES (63, 'Bank Monitor 63', 'Standard Monitor for daily operations.', 'SN-04C84337', 'Monitor', 5, 'REGISTERED', '2023-01-07', 2847.4, '2026-01-06', NULL, NULL, NULL);
INSERT INTO assets (id, name, description, serial_number, type, category_id, status, purchase_date, purchase_cost, warranty_expiry_date, current_employee_id, current_department_id, current_branch_id) VALUES (64, 'Bank Intercom 64', 'Standard Intercom for daily operations.', 'SN-CB348EB0', 'Intercom', 4, 'ASSIGNED', '2023-12-13', 4975.16, '2024-12-12', 1, 1, 1);
INSERT INTO assets (id, name, description, serial_number, type, category_id, status, purchase_date, purchase_cost, warranty_expiry_date, current_employee_id, current_department_id, current_branch_id) VALUES (65, 'Bank Desk 65', 'Standard Desk for daily operations.', 'SN-33367022', 'Desk', 2, 'ASSIGNED', '2023-06-16', 3331.46, '2026-06-15', 20, 10, 5);
INSERT INTO assets (id, name, description, serial_number, type, category_id, status, purchase_date, purchase_cost, warranty_expiry_date, current_employee_id, current_department_id, current_branch_id) VALUES (66, 'Bank Filing Cabinet 66', 'Standard Filing Cabinet for daily operations.', 'SN-71E192E0', 'Filing Cabinet', 2, 'ASSIGNED', '2023-11-01', 4577.17, '2026-10-31', 10, 10, 5);
INSERT INTO assets (id, name, description, serial_number, type, category_id, status, purchase_date, purchase_cost, warranty_expiry_date, current_employee_id, current_department_id, current_branch_id) VALUES (67, 'Bank CCTV Camera 67', 'Standard CCTV Camera for daily operations.', 'SN-119E5529', 'CCTV Camera', 3, 'LOST', '2023-07-02', 3509.86, '2024-07-01', NULL, NULL, NULL);
INSERT INTO assets (id, name, description, serial_number, type, category_id, status, purchase_date, purchase_cost, warranty_expiry_date, current_employee_id, current_department_id, current_branch_id) VALUES (68, 'Bank Filing Cabinet 68', 'Standard Filing Cabinet for daily operations.', 'SN-B6E8B207', 'Filing Cabinet', 2, 'ASSIGNED', '2023-08-08', 3130.97, '2025-08-07', 10, 10, 5);
INSERT INTO assets (id, name, description, serial_number, type, category_id, status, purchase_date, purchase_cost, warranty_expiry_date, current_employee_id, current_department_id, current_branch_id) VALUES (69, 'Bank Intercom 69', 'Standard Intercom for daily operations.', 'SN-BAA1AA65', 'Intercom', 4, 'LOST', '2023-05-02', 1061.35, '2024-05-01', NULL, NULL, NULL);
INSERT INTO assets (id, name, description, serial_number, type, category_id, status, purchase_date, purchase_cost, warranty_expiry_date, current_employee_id, current_department_id, current_branch_id) VALUES (70, 'Bank ATM 70', 'Standard ATM for daily operations.', 'SN-A8C0B23D', 'ATM', 6, 'ASSIGNED', '2023-07-16', 2446.62, '2025-07-15', 1, 1, 1);
INSERT INTO assets (id, name, description, serial_number, type, category_id, status, purchase_date, purchase_cost, warranty_expiry_date, current_employee_id, current_department_id, current_branch_id) VALUES (71, 'Bank Intercom 71', 'Standard Intercom for daily operations.', 'SN-8187AEBC', 'Intercom', 4, 'ASSIGNED', '2023-09-26', 908.7, '2025-09-25', 16, 6, 1);
INSERT INTO assets (id, name, description, serial_number, type, category_id, status, purchase_date, purchase_cost, warranty_expiry_date, current_employee_id, current_department_id, current_branch_id) VALUES (72, 'Bank Office Chair 72', 'Standard Office Chair for daily operations.', 'SN-6ABCDE75', 'Office Chair', 2, 'ASSIGNED', '2023-12-01', 3440.52, '2025-11-30', 5, 5, 5);
INSERT INTO assets (id, name, description, serial_number, type, category_id, status, purchase_date, purchase_cost, warranty_expiry_date, current_employee_id, current_department_id, current_branch_id) VALUES (73, 'Bank Scanner 73', 'Standard Scanner for daily operations.', 'SN-6352B087', 'Scanner', 5, 'ASSIGNED', '2023-09-16', 2265.3, '2024-09-15', 7, 7, 2);
INSERT INTO assets (id, name, description, serial_number, type, category_id, status, purchase_date, purchase_cost, warranty_expiry_date, current_employee_id, current_department_id, current_branch_id) VALUES (74, 'Bank Cash Counter 74', 'Standard Cash Counter for daily operations.', 'SN-394B5505', 'Cash Counter', 6, 'IN_REPAIR', '2023-04-05', 3264.93, '2025-04-04', NULL, NULL, NULL);
INSERT INTO assets (id, name, description, serial_number, type, category_id, status, purchase_date, purchase_cost, warranty_expiry_date, current_employee_id, current_department_id, current_branch_id) VALUES (75, 'Bank Office Chair 75', 'Standard Office Chair for daily operations.', 'SN-AC3B52EF', 'Office Chair', 2, 'WRITTEN_OFF', '2023-03-19', 1973.69, '2025-03-18', NULL, NULL, NULL);
INSERT INTO assets (id, name, description, serial_number, type, category_id, status, purchase_date, purchase_cost, warranty_expiry_date, current_employee_id, current_department_id, current_branch_id) VALUES (76, 'Bank Desk 76', 'Standard Desk for daily operations.', 'SN-BCC0AF2F', 'Desk', 2, 'ASSIGNED', '2023-07-30', 2862.74, '2024-07-29', 2, 2, 2);
INSERT INTO assets (id, name, description, serial_number, type, category_id, status, purchase_date, purchase_cost, warranty_expiry_date, current_employee_id, current_department_id, current_branch_id) VALUES (77, 'Bank Safe 77', 'Standard Safe for daily operations.', 'SN-4086ADB3', 'Safe', 3, 'ASSIGNED', '2023-06-17', 1789.36, '2025-06-16', 6, 6, 1);
INSERT INTO assets (id, name, description, serial_number, type, category_id, status, purchase_date, purchase_cost, warranty_expiry_date, current_employee_id, current_department_id, current_branch_id) VALUES (78, 'Bank Safe 78', 'Standard Safe for daily operations.', 'SN-0B48BD84', 'Safe', 3, 'REGISTERED', '2023-05-10', 1875.0, '2026-05-09', NULL, NULL, NULL);
INSERT INTO assets (id, name, description, serial_number, type, category_id, status, purchase_date, purchase_cost, warranty_expiry_date, current_employee_id, current_department_id, current_branch_id) VALUES (79, 'Bank IP Phone 79', 'Standard IP Phone for daily operations.', 'SN-AE840A54', 'IP Phone', 4, 'ASSIGNED', '2023-08-15', 3410.28, '2026-08-14', 8, 8, 3);
INSERT INTO assets (id, name, description, serial_number, type, category_id, status, purchase_date, purchase_cost, warranty_expiry_date, current_employee_id, current_department_id, current_branch_id) VALUES (80, 'Bank Printer 80', 'Standard Printer for daily operations.', 'SN-7A6E5C06', 'Printer', 5, 'ASSIGNED', '2023-05-11', 3655.18, '2025-05-10', 19, 9, 4);
INSERT INTO assets (id, name, description, serial_number, type, category_id, status, purchase_date, purchase_cost, warranty_expiry_date, current_employee_id, current_department_id, current_branch_id) VALUES (81, 'Bank Router 81', 'Standard Router for daily operations.', 'SN-2AC9C0DD', 'Router', 1, 'ASSIGNED', '2023-08-05', 3196.27, '2024-08-04', 18, 8, 3);
INSERT INTO assets (id, name, description, serial_number, type, category_id, status, purchase_date, purchase_cost, warranty_expiry_date, current_employee_id, current_department_id, current_branch_id) VALUES (82, 'Bank Scanner 82', 'Standard Scanner for daily operations.', 'SN-9C0CFF32', 'Scanner', 5, 'ASSIGNED', '2023-03-20', 4319.82, '2026-03-19', 15, 5, 5);
INSERT INTO assets (id, name, description, serial_number, type, category_id, status, purchase_date, purchase_cost, warranty_expiry_date, current_employee_id, current_department_id, current_branch_id) VALUES (83, 'Bank Access Control Panel 83', 'Standard Access Control Panel for daily operations.', 'SN-A22E425D', 'Access Control Panel', 3, 'ASSIGNED', '2023-11-21', 359.21, '2026-11-20', 2, 2, 2);
INSERT INTO assets (id, name, description, serial_number, type, category_id, status, purchase_date, purchase_cost, warranty_expiry_date, current_employee_id, current_department_id, current_branch_id) VALUES (84, 'Bank Filing Cabinet 84', 'Standard Filing Cabinet for daily operations.', 'SN-B46E78D5', 'Filing Cabinet', 2, 'ASSIGNED', '2023-07-19', 1822.07, '2025-07-18', 14, 4, 4);
INSERT INTO assets (id, name, description, serial_number, type, category_id, status, purchase_date, purchase_cost, warranty_expiry_date, current_employee_id, current_department_id, current_branch_id) VALUES (85, 'Bank Access Control Panel 85', 'Standard Access Control Panel for daily operations.', 'SN-2093FC36', 'Access Control Panel', 3, 'ASSIGNED', '2023-04-19', 4409.17, '2026-04-18', 14, 4, 4);
INSERT INTO assets (id, name, description, serial_number, type, category_id, status, purchase_date, purchase_cost, warranty_expiry_date, current_employee_id, current_department_id, current_branch_id) VALUES (86, 'Bank Laptop 86', 'Standard Laptop for daily operations.', 'SN-45806E60', 'Laptop', 1, 'ASSIGNED', '2023-08-24', 3070.19, '2024-08-23', 8, 8, 3);
INSERT INTO assets (id, name, description, serial_number, type, category_id, status, purchase_date, purchase_cost, warranty_expiry_date, current_employee_id, current_department_id, current_branch_id) VALUES (87, 'Bank CCTV Camera 87', 'Standard CCTV Camera for daily operations.', 'SN-06EBA3EF', 'CCTV Camera', 3, 'ASSIGNED', '2023-05-19', 3607.72, '2026-05-18', 7, 7, 2);
INSERT INTO assets (id, name, description, serial_number, type, category_id, status, purchase_date, purchase_cost, warranty_expiry_date, current_employee_id, current_department_id, current_branch_id) VALUES (88, 'Bank CCTV Camera 88', 'Standard CCTV Camera for daily operations.', 'SN-FB168834', 'CCTV Camera', 3, 'ASSIGNED', '2023-05-07', 1641.2, '2026-05-06', 12, 2, 2);
INSERT INTO assets (id, name, description, serial_number, type, category_id, status, purchase_date, purchase_cost, warranty_expiry_date, current_employee_id, current_department_id, current_branch_id) VALUES (89, 'Bank Filing Cabinet 89', 'Standard Filing Cabinet for daily operations.', 'SN-5F306E81', 'Filing Cabinet', 2, 'ASSIGNED', '2023-03-20', 428.43, '2024-03-19', 6, 6, 1);
INSERT INTO assets (id, name, description, serial_number, type, category_id, status, purchase_date, purchase_cost, warranty_expiry_date, current_employee_id, current_department_id, current_branch_id) VALUES (90, 'Bank Scanner 90', 'Standard Scanner for daily operations.', 'SN-87D5FB39', 'Scanner', 5, 'REGISTERED', '2023-01-09', 2893.06, '2026-01-08', NULL, NULL, NULL);
INSERT INTO assets (id, name, description, serial_number, type, category_id, status, purchase_date, purchase_cost, warranty_expiry_date, current_employee_id, current_department_id, current_branch_id) VALUES (91, 'Bank Office Chair 91', 'Standard Office Chair for daily operations.', 'SN-4D5974DD', 'Office Chair', 2, 'ASSIGNED', '2023-02-26', 2461.18, '2025-02-25', 9, 9, 4);
INSERT INTO assets (id, name, description, serial_number, type, category_id, status, purchase_date, purchase_cost, warranty_expiry_date, current_employee_id, current_department_id, current_branch_id) VALUES (92, 'Bank Office Chair 92', 'Standard Office Chair for daily operations.', 'SN-2C359DF9', 'Office Chair', 2, 'ASSIGNED', '2023-11-06', 4119.74, '2026-11-05', 3, 3, 3);
INSERT INTO assets (id, name, description, serial_number, type, category_id, status, purchase_date, purchase_cost, warranty_expiry_date, current_employee_id, current_department_id, current_branch_id) VALUES (93, 'Bank Monitor 93', 'Standard Monitor for daily operations.', 'SN-D44874F3', 'Monitor', 5, 'ASSIGNED', '2023-11-26', 1655.24, '2026-11-25', 14, 4, 4);
INSERT INTO assets (id, name, description, serial_number, type, category_id, status, purchase_date, purchase_cost, warranty_expiry_date, current_employee_id, current_department_id, current_branch_id) VALUES (94, 'Bank Filing Cabinet 94', 'Standard Filing Cabinet for daily operations.', 'SN-00B09CB0', 'Filing Cabinet', 2, 'ASSIGNED', '2023-08-27', 2342.51, '2024-08-26', 7, 7, 2);
INSERT INTO assets (id, name, description, serial_number, type, category_id, status, purchase_date, purchase_cost, warranty_expiry_date, current_employee_id, current_department_id, current_branch_id) VALUES (95, 'Bank ATM 95', 'Standard ATM for daily operations.', 'SN-0F24D852', 'ATM', 6, 'LOST', '2023-03-05', 101.81, '2024-03-04', NULL, NULL, NULL);
INSERT INTO assets (id, name, description, serial_number, type, category_id, status, purchase_date, purchase_cost, warranty_expiry_date, current_employee_id, current_department_id, current_branch_id) VALUES (96, 'Bank Office Chair 96', 'Standard Office Chair for daily operations.', 'SN-64D3A600', 'Office Chair', 2, 'ASSIGNED', '2023-04-14', 2320.41, '2024-04-13', 1, 1, 1);
INSERT INTO assets (id, name, description, serial_number, type, category_id, status, purchase_date, purchase_cost, warranty_expiry_date, current_employee_id, current_department_id, current_branch_id) VALUES (97, 'Bank Desktop 97', 'Standard Desktop for daily operations.', 'SN-9E5B0FE4', 'Desktop', 1, 'ASSIGNED', '2023-03-03', 1986.27, '2024-03-02', 15, 5, 5);
INSERT INTO assets (id, name, description, serial_number, type, category_id, status, purchase_date, purchase_cost, warranty_expiry_date, current_employee_id, current_department_id, current_branch_id) VALUES (98, 'Bank IP Phone 98', 'Standard IP Phone for daily operations.', 'SN-13A84350', 'IP Phone', 4, 'ASSIGNED', '2023-12-02', 1133.26, '2024-12-01', 19, 9, 4);
INSERT INTO assets (id, name, description, serial_number, type, category_id, status, purchase_date, purchase_cost, warranty_expiry_date, current_employee_id, current_department_id, current_branch_id) VALUES (99, 'Bank Filing Cabinet 99', 'Standard Filing Cabinet for daily operations.', 'SN-983A5790', 'Filing Cabinet', 2, 'IN_REPAIR', '2023-05-16', 1894.85, '2024-05-15', NULL, NULL, NULL);
INSERT INTO assets (id, name, description, serial_number, type, category_id, status, purchase_date, purchase_cost, warranty_expiry_date, current_employee_id, current_department_id, current_branch_id) VALUES (100, 'Bank Intercom 100', 'Standard Intercom for daily operations.', 'SN-1ADB1998', 'Intercom', 4, 'WRITTEN_OFF', '2023-01-22', 309.88, '2026-01-21', NULL, NULL, NULL);
SELECT setval('branches_id_seq', (SELECT MAX(id) FROM branches));
SELECT setval('departments_id_seq', (SELECT MAX(id) FROM departments));
SELECT setval('employees_id_seq', (SELECT MAX(id) FROM employees));
SELECT setval('assets_id_seq', (SELECT MAX(id) FROM assets));